Date       ,Open               ,High               ,Low                ,Close              ,Adj Close          ,Volume
2023-07-20 ,382.6099853515625  ,384.1000061035156  ,375.7200012207031  ,376.760009765625   ,374.17779541015625 ,71941700
2023-07-21 ,379.17999267578125 ,379.9200134277344  ,375.19000244140625 ,375.6300048828125  ,373.0555114746094  ,60439400
2023-07-24 ,376.6199951171875  ,377.5799865722656  ,374.3399963378906  ,376.2300109863281  ,373.6513977050781  ,40380100
2023-07-25 ,376.95001220703125 ,380.4700012207031  ,376.92999267578125 ,378.7799987792969  ,376.1839294433594  ,38894400
2023-07-26 ,377.7200012207031  ,379.239990234375   ,375.17999267578125 ,377.5199890136719  ,374.93255615234375 ,47075700
2023-07-27 ,383.07000732421875 ,384.7099914550781  ,375.30999755859375 ,376.6199951171875  ,374.0387268066406  ,63940200
2023-07-28 ,380.739990234375   ,384.5199890136719  ,380.2200012207031  ,383.4800109863281  ,380.8517150878906  ,56902900
2023-07-31 ,383.7900085449219  ,384.8800048828125  ,382.3399963378906  ,383.67999267578125 ,381.0503234863281  ,44019900
2023-08-01 ,382.30999755859375 ,383.55999755859375 ,380.69000244140625 ,382.7900085449219  ,380.1664733886719  ,41060600
2023-08-02 ,379.260009765625   ,379.260009765625   ,373.1300048828125  ,374.3900146484375  ,371.82403564453125 ,72687100
2023-08-03 ,371.94000244140625 ,375.95001220703125 ,371.7699890136719  ,373.7900085449219  ,371.2281188964844  ,47666400
2023-08-04 ,375.75             ,378.1000061035156  ,371.5299987792969  ,372.0400085449219  ,369.4901123046875  ,61646200
2023-08-07 ,373.8800048828125  ,375.2900085449219  ,371.510009765625   ,375.19000244140625 ,372.6185302734375  ,37230400
2023-08-08 ,372.6400146484375  ,372.6600036621094  ,368.82000732421875 ,372.0              ,369.4504089355469  ,44726500
2023-08-09 ,372.2900085449219  ,372.45001220703125 ,367.1400146484375  ,367.9100036621094  ,365.3884582519531  ,51150900
2023-08-10 ,370.9700012207031  ,374.3599853515625  ,367.0400085449219  ,368.5899963378906  ,366.06378173828125 ,72035300
2023-08-11 ,365.989990234375   ,368.0              ,364.69000244140625 ,366.239990234375   ,363.7298583984375  ,48683800
2023-08-14 ,365.42999267578125 ,370.4700012207031  ,364.70001220703125 ,370.3500061035156  ,367.81170654296875 ,42130800
2023-08-15 ,369.3599853515625  ,370.1700134277344  ,365.739990234375   ,366.4200134277344  ,363.90863037109375 ,45539900
2023-08-16 ,365.8699951171875  ,367.42999267578125 ,362.44000244140625 ,362.5400085449219  ,360.05523681640625 ,53190500
2023-08-17 ,363.9599914550781  ,364.30999755859375 ,358.1600036621094  ,358.5799865722656  ,356.1223449707031  ,62604300
2023-08-18 ,355.260009765625   ,359.4100036621094  ,354.7099914550781  ,358.1300048828125  ,355.6754455566406  ,61119500
2023-08-21 ,359.6199951171875  ,364.5899963378906  ,359.1499938964844  ,363.8999938964844  ,361.40594482421875 ,50696500
2023-08-22 ,366.54998779296875 ,366.55999755859375 ,362.67999267578125 ,363.3800048828125  ,360.88946533203125 ,44613500
2023-08-23 ,364.5799865722656  ,370.2200012207031  ,364.3599853515625  ,369.1099853515625  ,366.5802001953125  ,51770600
2023-08-24 ,372.6400146484375  ,372.739990234375   ,361.010009765625   ,361.2200012207031  ,358.7442932128906  ,66842500
2023-08-25 ,362.07000732421875 ,365.739990234375   ,358.5799865722656  ,364.0199890136719  ,361.5250549316406  ,69960500
2023-08-28 ,366.989990234375   ,367.7099914550781  ,364.25             ,366.760009765625   ,364.2463073730469  ,40910000
2023-08-29 ,366.55999755859375 ,375.1300048828125  ,366.2300109863281  ,374.7699890136719  ,372.201416015625   ,58492400
2023-08-30 ,374.8800048828125  ,377.45001220703125 ,373.8599853515625  ,376.8599853515625  ,374.277099609375   ,41731500
2023-08-31 ,376.94000244140625 ,379.7200012207031  ,376.8699951171875  ,377.989990234375   ,375.3993225097656  ,35730700
2023-09-01 ,380.3999938964844  ,380.8299865722656  ,376.0799865722656  ,377.5899963378906  ,375.0020751953125  ,39772400
2023-09-05 ,376.7699890136719  ,379.30999755859375 ,375.8299865722656  ,378.07000732421875 ,375.47882080078125 ,32344200
2023-09-06 ,377.2799987792969  ,377.6300048828125  ,372.70001220703125 ,374.739990234375   ,372.17156982421875 ,42998700
2023-09-07 ,370.2099914550781  ,372.8500061035156  ,369.1499938964844  ,372.05999755859375 ,369.5099792480469  ,52060700
2023-09-08 ,372.010009765625   ,374.8500061035156  ,371.6000061035156  ,372.5799865722656  ,370.0263977050781  ,35800100
2023-09-11 ,375.6600036621094  ,377.489990234375   ,373.6600036621094  ,376.9700012207031  ,374.3863525390625  ,39936600
2023-09-12 ,375.2699890136719  ,376.95001220703125 ,372.5              ,372.7900085449219  ,370.2349853515625  ,41391000
2023-09-13 ,373.0299987792969  ,375.8399963378906  ,371.8800048828125  ,374.2099914550781  ,371.6452331542969  ,46300700
2023-09-14 ,375.989990234375   ,378.2699890136719  ,373.8900146484375  ,377.2699890136719  ,374.68426513671875 ,48039400
2023-09-15 ,375.9100036621094  ,376.32000732421875 ,369.8599853515625  ,370.80999755859375 ,368.2685852050781  ,69757700
2023-09-18 ,369.32000732421875 ,371.7900085449219  ,369.0299987792969  ,370.6600036621094  ,368.6524658203125  ,36903500
2023-09-19 ,369.32000732421875 ,370.67999267578125 ,366.79998779296875 ,369.8699951171875  ,367.86676025390625 ,37621700
2023-09-20 ,370.95001220703125 ,371.30999755859375 ,364.4599914550781  ,364.5400085449219  ,362.5656433105469  ,45514200
2023-09-21 ,360.79998779296875 ,361.6000061035156  ,357.69000244140625 ,357.8599853515625  ,355.9217834472656  ,69584700
2023-09-22 ,359.6300048828125  ,361.79998779296875 ,357.5899963378906  ,357.9100036621094  ,355.9715270996094  ,51589700
2023-09-25 ,356.92999267578125 ,359.70001220703125 ,355.92999267578125 ,359.6099853515625  ,357.66229248046875 ,39168000
2023-09-26 ,356.989990234375   ,357.5400085449219  ,353.2099914550781  ,354.2099914550781  ,352.29156494140625 ,53657700
2023-09-27 ,355.3800048828125  ,356.9800109863281  ,351.3599853515625  ,355.0400085449219  ,353.1170654296875  ,56066000
2023-09-28 ,354.1099853515625  ,360.1700134277344  ,353.239990234375   ,358.010009765625   ,356.07098388671875 ,56453300
2023-09-29 ,361.5400085449219  ,362.95001220703125 ,357.0199890136719  ,358.2699890136719  ,356.32952880859375 ,64754300
2023-10-02 ,358.5400085449219  ,362.67999267578125 ,357.9200134277344  ,361.260009765625   ,359.30340576171875 ,51625100
2023-10-03 ,358.7799987792969  ,361.010009765625   ,353.2799987792969  ,354.9200134277344  ,352.9977111816406  ,60478500
2023-10-04 ,355.7699890136719  ,360.6099853515625  ,355.29998779296875 ,359.75             ,357.8015441894531  ,54786700
2023-10-05 ,359.739990234375   ,360.1499938964844  ,355.1400146484375  ,358.69000244140625 ,356.7472839355469  ,45897400
2023-10-06 ,355.6499938964844  ,365.9100036621094  ,354.8500061035156  ,364.70001220703125 ,362.7247619628906  ,74959200
2023-10-09 ,362.29998779296875 ,367.1099853515625  ,360.7799987792969  ,366.55999755859375 ,364.57464599609375 ,45304800
2023-10-10 ,366.8999938964844  ,371.2799987792969  ,366.3900146484375  ,368.5899963378906  ,366.59368896484375 ,46968800
2023-10-11 ,369.94000244140625 ,371.4100036621094  ,368.19000244140625 ,371.2200012207031  ,369.20947265625    ,38215100
2023-10-12 ,371.7300109863281  ,373.739990234375   ,367.5              ,369.92999267578125 ,367.9264221191406  ,49587900
2023-10-13 ,370.57000732421875 ,371.1600036621094  ,363.8599853515625  ,365.2799987792969  ,363.3016052246094  ,52469900
2023-10-16 ,366.6199951171875  ,370.4800109863281  ,366.4700012207031  ,369.4100036621094  ,367.40924072265625 ,44201100
2023-10-17 ,365.80999755859375 ,369.9200134277344  ,363.6600036621094  ,368.20001220703125 ,366.2057800292969  ,50999100
2023-10-18 ,365.6700134277344  ,367.9100036621094  ,362.0199890136719  ,363.3699951171875  ,361.40191650390625 ,54280500
2023-10-19 ,364.80999755859375 ,366.0199890136719  ,359.1600036621094  ,359.9700012207031  ,358.0203552246094  ,72274200
2023-10-20 ,359.4599914550781  ,360.0400085449219  ,354.3699951171875  ,354.6000061035156  ,352.6794738769531  ,72369800
2023-10-23 ,353.260009765625   ,359.260009765625   ,351.1199951171875  ,355.6700134277344  ,353.74365234375    ,60665200
2023-10-24 ,357.510009765625   ,359.9100036621094  ,355.7900085449219  ,359.1300048828125  ,357.1849365234375  ,47082100
2023-10-25 ,356.70001220703125 ,356.8800048828125  ,349.75             ,350.3399963378906  ,348.4425048828125  ,71190500
2023-10-26 ,349.1199951171875  ,350.07000732421875 ,342.3500061035156  ,343.6600036621094  ,341.7986755371094  ,78621400
2023-10-27 ,346.42999267578125 ,348.8399963378906  ,344.0799865722656  ,345.30999755859375 ,343.43975830078125 ,63476700
2023-10-30 ,347.8299865722656  ,350.5400085449219  ,346.45001220703125 ,349.20001220703125 ,347.3086853027344  ,55298500
2023-10-31 ,349.2300109863281  ,351.25             ,346.6199951171875  ,350.8699951171875  ,348.9696350097656  ,47671900
2023-11-01 ,351.7200012207031  ,357.5299987792969  ,351.6199951171875  ,356.9599914550781  ,355.0266418457031  ,58992700
2023-11-02 ,361.5400085449219  ,363.67999267578125 ,360.29998779296875 ,363.44000244140625 ,361.4715576171875  ,58162400
2023-11-03 ,364.75             ,369.0199890136719  ,364.5199890136719  ,367.7099914550781  ,365.7184143066406  ,53239100
2023-11-06 ,368.489990234375   ,369.7799987792969  ,366.9100036621094  ,369.2099914550781  ,367.2103271484375  ,38848700
2023-11-07 ,370.2699890136719  ,373.5799865722656  ,369.04998779296875 ,372.70001220703125 ,370.6814270019531  ,50777400
2023-11-08 ,373.0799865722656  ,373.7900085449219  ,370.6199951171875  ,372.94000244140625 ,370.9200744628906  ,35663400
2023-11-09 ,373.6400146484375  ,374.79998779296875 ,369.57000732421875 ,370.07000732421875 ,368.065673828125   ,53859400
2023-11-10 ,371.82000732421875 ,378.5400085449219  ,371.2799987792969  ,378.3900146484375  ,376.3406066894531  ,58309800
2023-11-13 ,376.7900085449219  ,378.2799987792969  ,375.239990234375   ,377.2099914550781  ,375.1669921875     ,40733500
2023-11-14 ,383.7099914550781  ,386.260009765625   ,383.17999267578125 ,385.3299865722656  ,383.2430114746094  ,67792600
2023-11-15 ,387.25             ,387.75             ,384.239990234375   ,385.6199951171875  ,383.5314636230469  ,54141400
2023-11-16 ,384.8399963378906  ,386.19000244140625 ,383.55999755859375 ,385.95001220703125 ,383.8596496582031  ,45343500
2023-11-17 ,385.2099914550781  ,387.07000732421875 ,384.2900085449219  ,386.0400085449219  ,383.94915771484375 ,46571900
2023-11-20 ,386.04998779296875 ,391.4100036621094  ,386.04998779296875 ,390.739990234375   ,388.6236877441406  ,44429600
2023-11-21 ,389.010009765625   ,389.2300109863281  ,386.70001220703125 ,388.4700012207031  ,386.3659973144531  ,43337000
2023-11-22 ,390.57000732421875 ,393.07000732421875 ,389.0400085449219  ,390.05999755859375 ,387.9473876953125  ,44121000
2023-11-24 ,389.6499938964844  ,390.25             ,388.5              ,389.510009765625   ,387.4003601074219  ,15718800
2023-11-27 ,389.010009765625   ,391.1499938964844  ,388.2799987792969  ,389.1700134277344  ,387.0622253417969  ,34139700
2023-11-28 ,388.4100036621094  ,390.7799987792969  ,388.04998779296875 ,390.19000244140625 ,388.0766906738281  ,35491100
2023-11-29 ,392.69000244140625 ,394.1400146484375  ,389.4599914550781  ,389.80999755859375 ,387.69873046875    ,38811700
2023-11-30 ,390.0799865722656  ,390.54998779296875 ,385.82000732421875 ,388.8299865722656  ,386.7240295410156  ,52834400
2023-12-01 ,387.75             ,390.5400085449219  ,386.07000732421875 ,389.94000244140625 ,387.82806396484375 ,40440500
2023-12-04 ,386.0899963378906  ,386.6000061035156  ,382.6600036621094  ,386.32000732421875 ,384.2276306152344  ,51186900
2023-12-05 ,384.3900146484375  ,388.5              ,384.2099914550781  ,387.2900085449219  ,385.1923828125     ,42933000
2023-12-06 ,390.2699890136719  ,390.3699951171875  ,384.70001220703125 ,385.04998779296875 ,382.9645080566406  ,41994100
2023-12-07 ,388.07000732421875 ,391.2699890136719  ,386.9599914550781  ,390.42999267578125 ,388.3153991699219  ,49593500
2023-12-08 ,388.6700134277344  ,392.6199951171875  ,388.4800109863281  ,392.1700134277344  ,390.04595947265625 ,46623600
2023-12-11 ,391.739990234375   ,395.7900085449219  ,391.5299987792969  ,395.5199890136719  ,393.3778076171875  ,41198000
2023-12-12 ,395.55999755859375 ,398.7900085449219  ,394.4100036621094  ,398.6700134277344  ,396.5107727050781  ,39221200
2023-12-13 ,399.6199951171875  ,404.3599853515625  ,398.8399963378906  ,403.739990234375   ,401.55328369140625 ,55408100
2023-12-14 ,404.9800109863281  ,406.29998779296875 ,400.3399963378906  ,403.3900146484375  ,401.2052001953125  ,55447800
2023-12-15 ,404.17999267578125 ,406.5400085449219  ,403.57000732421875 ,405.3399963378906  ,403.1446228027344  ,62598000
2023-12-18 ,404.92999267578125 ,407.989990234375   ,404.6000061035156  ,407.0799865722656  ,405.68389892578125 ,46610000
2023-12-19 ,407.5400085449219  ,409.2799987792969  ,407.3500061035156  ,409.1600036621094  ,407.75677490234375 ,35711900
2023-12-20 ,408.3500061035156  ,410.4700012207031  ,402.8999938964844  ,403.0799865722656  ,401.6976013183594  ,54042400
2023-12-21 ,407.05999755859375 ,408.1400146484375  ,404.4700012207031  ,407.7699890136719  ,406.37152099609375 ,45568900
2023-12-22 ,409.0              ,409.9700012207031  ,406.4800109863281  ,408.3800048828125  ,406.97943115234375 ,34292400
2023-12-26 ,409.25             ,411.55999755859375 ,409.1499938964844  ,410.8800048828125  ,409.47088623046875 ,22722500
2023-12-27 ,410.95001220703125 ,411.7900085449219  ,410.0799865722656  ,411.5              ,410.304443359375   ,31980500
2023-12-28 ,412.6700134277344  ,412.9200134277344  ,410.94000244140625 ,411.29998779296875 ,410.1050109863281  ,27029200
2023-12-29 ,411.2799987792969  ,411.6400146484375  ,407.5799865722656  ,409.5199890136719  ,408.3301696777344  ,42633400
2024-01-02 ,405.8399963378906  ,406.0899963378906  ,400.239990234375   ,402.5899963378906  ,401.4203186035156  ,58026900
2024-01-03 ,399.92999267578125 ,401.0              ,397.8900146484375  ,398.3299865722656  ,397.1726989746094  ,47002800
2024-01-04 ,396.44000244140625 ,399.5899963378906  ,396.05999755859375 ,396.2799987792969  ,395.128662109375   ,39432800
2024-01-05 ,396.45001220703125 ,399.55999755859375 ,395.3399963378906  ,396.75             ,395.5972900390625  ,44867900
2024-01-08 ,397.989990234375   ,405.239990234375   ,397.8399963378906  ,404.95001220703125 ,403.7734680175781  ,42473800
2024-01-09 ,401.9100036621094  ,406.69000244140625 ,401.7099914550781  ,405.75             ,404.5711669921875  ,39132900
2024-01-10 ,406.07000732421875 ,409.5199890136719  ,405.1700134277344  ,408.5              ,407.31317138671875 ,33962800
2024-01-11 ,409.7900085449219  ,411.20001220703125 ,404.239990234375   ,409.3500061035156  ,408.16070556640625 ,54536200
2024-01-12 ,410.3999938964844  ,411.25             ,408.1499938964844  ,409.55999755859375 ,408.3700866699219  ,39581400
2024-01-16 ,408.30999755859375 ,411.1199951171875  ,406.8299865722656  ,409.5199890136719  ,408.3301696777344  ,43903000
2024-01-17 ,406.1700134277344  ,407.5899963378906  ,402.9200134277344  ,407.2099914550781  ,406.0268859863281  ,54386000
2024-01-18 ,410.5199890136719  ,413.5799865722656  ,409.1600036621094  ,412.989990234375   ,411.79010009765625 ,59562500
2024-01-19 ,415.2200012207031  ,421.3399963378906  ,414.6300048828125  ,421.17999267578125 ,419.9563293457031  ,70268500
2024-01-22 ,423.4100036621094  ,424.7300109863281  ,421.1199951171875  ,421.7300109863281  ,420.5047302246094  ,44880600
2024-01-23 ,422.42999267578125 ,423.70001220703125 ,420.57000732421875 ,423.4800109863281  ,422.2496337890625  ,33003800
2024-01-24 ,427.44000244140625 ,429.8500061035156  ,425.3299865722656  ,425.8299865722656  ,424.5928039550781  ,46948000
2024-01-25 ,428.3599853515625  ,429.0400085449219  ,423.9800109863281  ,426.3500061035156  ,425.1112976074219  ,44367200
2024-01-26 ,424.44000244140625 ,426.2099914550781  ,423.1499938964844  ,423.80999755859375 ,422.57867431640625 ,37137000
2024-01-29 ,424.2699890136719  ,428.3500061035156  ,423.6099853515625  ,428.1499938964844  ,426.90606689453125 ,38694700
2024-01-30 ,427.1000061035156  ,427.67999267578125 ,424.3800048828125  ,425.29998779296875 ,424.0643615722656  ,36739000
2024-01-31 ,420.8500061035156  ,422.8699951171875  ,416.7900085449219  ,416.9700012207031  ,415.758544921875   ,64010600
2024-02-01 ,418.7900085449219  ,422.3800048828125  ,417.80999755859375 ,421.8800048828125  ,420.654296875      ,51008600
2024-02-02 ,423.79998779296875 ,430.239990234375   ,422.7900085449219  ,429.010009765625   ,427.7635803222656  ,59582300
2024-02-05 ,429.07000732421875 ,429.6099853515625  ,425.0              ,428.45001220703125 ,427.2052001953125  ,39889200
2024-02-06 ,429.6099853515625  ,430.2200012207031  ,425.2200012207031  ,427.5899963378906  ,426.34771728515625 ,35846100
2024-02-07 ,430.4100036621094  ,432.8299865722656  ,429.0899963378906  ,431.989990234375   ,430.7348937988281  ,37712700
2024-02-08 ,432.1099853515625  ,433.55999755859375 ,431.4200134277344  ,432.7900085449219  ,431.5326232910156  ,29889900
2024-02-09 ,433.94000244140625 ,437.8500061035156  ,433.1400146484375  ,437.04998779296875 ,435.7801818847656  ,36943900
2024-02-12 ,436.94000244140625 ,439.1400146484375  ,434.6499938964844  ,435.3399963378906  ,434.0751647949219  ,33203300
2024-02-13 ,427.2799987792969  ,431.2699890136719  ,425.3299865722656  ,428.54998779296875 ,427.3049011230469  ,64491700
2024-02-14 ,431.260009765625   ,433.6499938964844  ,428.8800048828125  ,433.2200012207031  ,431.9613342285156  ,45092700
2024-02-15 ,433.9200134277344  ,434.9800109863281  ,431.3299865722656  ,434.510009765625   ,433.2475891113281  ,38796100
2024-02-16 ,434.8900146484375  ,434.989990234375   ,429.8500061035156  ,430.57000732421875 ,429.3190612792969  ,53661500
2024-02-20 ,428.54998779296875 ,430.0799865722656  ,423.5              ,427.32000732421875 ,426.0784912109375  ,53999500
2024-02-21 ,424.54998779296875 ,425.70001220703125 ,421.6300048828125  ,425.6099853515625  ,424.3734436035156  ,50179700
2024-02-22 ,434.489990234375   ,439.1199951171875  ,433.7099914550781  ,438.07000732421875 ,436.7972412109375  ,53887800
2024-02-23 ,439.6499938964844  ,440.5899963378906  ,435.7900085449219  ,436.7799987792969  ,435.510986328125   ,39853900
2024-02-26 ,437.6000061035156  ,438.6000061035156  ,436.3599853515625  ,436.54998779296875 ,435.2816467285156  ,33043200
2024-02-27 ,437.6700134277344  ,437.989990234375   ,435.0299987792969  ,437.6000061035156  ,436.32861328125    ,33713200
2024-02-28 ,435.42999267578125 ,436.6700134277344  ,434.29998779296875 ,435.2699890136719  ,434.00537109375    ,32938800
2024-02-29 ,438.2300109863281  ,440.0899963378906  ,435.0199890136719  ,439.0              ,437.72454833984375 ,42495200
2024-03-01 ,439.8999938964844  ,446.5799865722656  ,439.8399963378906  ,445.6099853515625  ,444.3153381347656  ,43809200
2024-03-04 ,445.6099853515625  ,446.0400085449219  ,443.7699890136719  ,444.0199890136719  ,442.7299499511719  ,34325700
2024-03-05 ,440.94000244140625 ,440.95001220703125 ,433.6499938964844  ,436.04998779296875 ,434.7830810546875  ,57917100
2024-03-06 ,440.32000732421875 ,441.989990234375   ,436.8900146484375  ,438.7900085449219  ,437.5151672363281  ,46234500
2024-03-07 ,442.4200134277344  ,446.7200012207031  ,440.8599853515625  ,445.45001220703125 ,444.15582275390625 ,44526700
2024-03-08 ,445.80999755859375 ,448.6400146484375  ,438.3399963378906  ,439.0199890136719  ,437.7444763183594  ,71954300
2024-03-11 ,437.510009765625   ,438.6600036621094  ,435.44000244140625 ,437.3900146484375  ,436.1192321777344  ,45860000
2024-03-12 ,439.7300109863281  ,444.0199890136719  ,436.4599914550781  ,443.6600036621094  ,442.3710021972656  ,55300900
2024-03-13 ,442.6499938964844  ,442.6700134277344  ,439.1199951171875  ,440.25             ,438.9709167480469  ,37928700
2024-03-14 ,441.5              ,442.0299987792969  ,436.3900146484375  ,439.1400146484375  ,437.8641662597656  ,52195200
2024-03-15 ,436.07000732421875 ,438.8699951171875  ,432.739990234375   ,433.9200134277344  ,432.6593322753906  ,73038800
2024-03-18 ,438.7300109863281  ,441.0400085449219  ,437.239990234375   ,437.4800109863281  ,436.7857666015625  ,47323800
2024-03-19 ,435.45001220703125 ,438.9800109863281  ,433.3299865722656  ,438.57000732421875 ,437.8740234375     ,43004100
2024-03-20 ,439.7799987792969  ,444.1099853515625  ,438.05999755859375 ,443.7699890136719  ,443.0657653808594  ,43653500
2024-03-21 ,448.8800048828125  ,449.3399963378906  ,445.6700134277344  ,445.8699951171875  ,445.1624450683594  ,39345700
2024-03-22 ,445.3500061035156  ,447.489990234375   ,444.489990234375   ,446.3800048828125  ,445.671630859375   ,28229300
2024-03-25 ,443.54998779296875 ,446.260009765625   ,442.5400085449219  ,444.760009765625   ,444.05419921875    ,27789200
2024-03-26 ,446.29998779296875 ,447.2300109863281  ,443.0899963378906  ,443.32000732421875 ,442.6164855957031  ,34142000
2024-03-27 ,446.44000244140625 ,446.5400085449219  ,441.92999267578125 ,444.8299865722656  ,444.12408447265625 ,41359200
2024-03-28 ,444.7799987792969  ,445.6400146484375  ,443.6499938964844  ,444.010009765625   ,443.3053894042969  ,36839600
2024-04-01 ,444.9700012207031  ,447.5299987792969  ,443.0199890136719  ,444.95001220703125 ,444.2439270019531  ,38729000
2024-04-02 ,440.0799865722656  ,441.42999267578125 ,438.0299987792969  ,441.1099853515625  ,440.40997314453125 ,44259700
2024-04-03 ,438.9599914550781  ,444.0              ,438.95001220703125 ,442.1000061035156  ,441.3984375        ,39949800
2024-04-04 ,446.3299865722656  ,446.95001220703125 ,435.1099853515625  ,435.3399963378906  ,434.6491394042969  ,57267700
2024-04-05 ,436.7799987792969  ,443.1700134277344  ,435.9599914550781  ,440.4700012207031  ,439.7710266113281  ,54723000
2024-04-08 ,441.4100036621094  ,442.5              ,439.20001220703125 ,440.6000061035156  ,439.90081787109375 ,28144900
2024-04-09 ,442.9599914550781  ,443.239990234375   ,437.44000244140625 ,442.2300109863281  ,441.5282287597656  ,39521600
2024-04-10 ,437.0              ,439.239990234375   ,436.2799987792969  ,438.3699951171875  ,437.6743469238281  ,61502200
2024-04-11 ,440.260009765625   ,446.3299865722656  ,437.9599914550781  ,445.3699951171875  ,444.6632385253906  ,45474600
2024-04-12 ,441.1000061035156  ,442.239990234375   ,436.8800048828125  ,438.2699890136719  ,437.5744934082031  ,53602600
2024-04-15 ,442.05999755859375 ,442.1499938964844  ,430.2099914550781  ,431.05999755859375 ,430.3759460449219  ,63453600
2024-04-16 ,430.8999938964844  ,433.760009765625   ,429.70001220703125 ,431.1000061035156  ,430.4158935546875  ,47619000
2024-04-17 ,433.1000061035156  ,433.1199951171875  ,424.8999938964844  ,425.8399963378906  ,425.1642150878906  ,56880500
2024-04-18 ,426.489990234375   ,428.239990234375   ,422.8299865722656  ,423.4100036621094  ,422.73809814453125 ,46549400
2024-04-19 ,422.2200012207031  ,422.75             ,413.07000732421875 ,414.6499938964844  ,413.9919738769531  ,75136600
2024-04-22 ,417.30999755859375 ,421.17999267578125 ,413.94000244140625 ,418.82000732421875 ,418.1553649902344  ,47807700
2024-04-23 ,420.7699890136719  ,426.2799987792969  ,418.8699951171875  ,425.07000732421875 ,424.39544677734375 ,44384700
2024-04-24 ,428.20001220703125 ,429.7300109863281  ,424.20001220703125 ,426.510009765625   ,425.8331604003906  ,48440300
2024-04-25 ,419.239990234375   ,425.32000732421875 ,418.1400146484375  ,424.45001220703125 ,423.7764587402344  ,57392200
2024-04-26 ,427.6199951171875  ,432.54998779296875 ,426.9200134277344  ,431.0              ,430.3160400390625  ,41874900
2024-04-29 ,433.1300048828125  ,433.760009765625   ,429.9800109863281  ,432.75             ,432.0632629394531  ,30022200
2024-04-30 ,431.1499938964844  ,432.55999755859375 ,424.510009765625   ,424.5899963378906  ,423.91619873046875 ,43665900
2024-05-01 ,423.1499938964844  ,430.1400146484375  ,420.6600036621094  ,421.5199890136719  ,420.85107421875    ,52251700
2024-05-02 ,425.29998779296875 ,427.80999755859375 ,420.6300048828125  ,426.8999938964844  ,426.2225341796875  ,36559000
2024-05-03 ,434.44000244140625 ,436.4800109863281  ,432.6199951171875  ,435.4800109863281  ,434.7889404296875  ,48515300
2024-05-06 ,437.29998779296875 ,440.3399963378906  ,436.5199890136719  ,440.25             ,439.5513610839844  ,30227200
2024-05-07 ,440.70001220703125 ,441.9700012207031  ,439.5799865722656  ,440.32000732421875 ,439.6212463378906  ,30996100
2024-05-08 ,437.6700134277344  ,441.4800109863281  ,437.54998779296875 ,440.05999755859375 ,439.3616638183594  ,24896700
2024-05-09 ,440.3299865722656  ,441.6000061035156  ,438.4599914550781  ,441.0199890136719  ,440.32012939453125 ,24580100
2024-05-10 ,442.5400085449219  ,444.30999755859375 ,440.5              ,442.05999755859375 ,441.3584899902344  ,27116600
2024-05-13 ,443.989990234375   ,444.0899963378906  ,441.6499938964844  ,443.0799865722656  ,442.3768615722656  ,22994200
2024-05-14 ,442.6499938964844  ,446.4700012207031  ,442.4599914550781  ,445.92999267578125 ,445.22235107421875 ,34478300
2024-05-15 ,448.42999267578125 ,453.1499938964844  ,446.8999938964844  ,452.8999938964844  ,452.1812744140625  ,41464700
2024-05-16 ,452.7099914550781  ,454.69000244140625 ,451.80999755859375 ,451.9800109863281  ,451.26275634765625 ,34780400
2024-05-17 ,452.1099853515625  ,452.7200012207031  ,449.5400085449219  ,451.760009765625   ,451.0430908203125  ,35803700
2024-05-20 ,451.9800109863281  ,455.5799865722656  ,451.7900085449219  ,454.9100036621094  ,454.1881103515625  ,24474200
2024-05-21 ,453.0400085449219  ,455.989990234375   ,452.8399963378906  ,455.79998779296875 ,455.07666015625    ,23167700
2024-05-22 ,456.05999755859375 ,456.82000732421875 ,453.0799865722656  ,455.7099914550781  ,454.98681640625    ,25120000
2024-05-23 ,460.54998779296875 ,460.5799865722656  ,451.8500061035156  ,453.6600036621094  ,452.9400939941406  ,40899200
2024-05-24 ,455.2900085449219  ,459.2300109863281  ,453.57000732421875 ,457.95001220703125 ,457.2232971191406  ,29651000
2024-05-28 ,459.17999267578125 ,459.739990234375   ,456.69000244140625 ,459.67999267578125 ,458.9505310058594  ,26216800
2024-05-29 ,455.4800109863281  ,458.239990234375   ,455.3399963378906  ,456.44000244140625 ,455.7156677246094  ,29739200
2024-05-30 ,455.5              ,455.6400146484375  ,450.2099914550781  ,451.54998779296875 ,450.8334045410156  ,30714100
2024-05-31 ,451.7799987792969  ,452.4800109863281  ,443.05999755859375 ,450.7099914550781  ,449.9947509765625  ,55941300
2024-06-03 ,454.57000732421875 ,455.5799865722656  ,447.8999938964844  ,453.1300048828125  ,452.4109191894531  ,32997500
2024-06-04 ,452.8699951171875  ,455.5799865722656  ,451.1300048828125  ,454.3699951171875  ,453.6489562988281  ,23767400
2024-06-05 ,457.9800109863281  ,463.6099853515625  ,454.4100036621094  ,463.5299987792969  ,462.7944030761719  ,33817400
2024-06-06 ,464.2200012207031  ,464.5400085449219  ,462.19000244140625 ,463.3699951171875  ,462.6346740722656  ,21966800
2024-06-07 ,463.0              ,465.739990234375   ,461.8399963378906  ,462.9599914550781  ,462.2253112792969  ,25829700
2024-06-10 ,461.82000732421875 ,465.19000244140625 ,461.5299987792969  ,464.8299865722656  ,464.09234619140625 ,20719800
2024-06-11 ,463.5400085449219  ,468.1400146484375  ,462.0299987792969  ,468.0199890136719  ,467.27728271484375 ,22053300
2024-06-12 ,471.989990234375   ,476.5              ,471.2900085449219  ,474.1499938964844  ,473.3975524902344  ,34532600
2024-06-13 ,477.7200012207031  ,478.3900146484375  ,474.4200134277344  ,476.7200012207031  ,475.9635009765625  ,25859000
2024-06-14 ,476.5199890136719  ,479.260009765625   ,476.04998779296875 ,479.19000244140625 ,478.4295654296875  ,23372600
2024-06-17 ,479.4599914550781  ,486.8599853515625  ,478.1400146484375  ,485.05999755859375 ,484.2902526855469  ,37054500
2024-06-18 ,485.010009765625   ,485.8999938964844  ,483.42999267578125 ,485.2099914550781  ,484.44000244140625 ,24438600
2024-06-20 ,486.4200134277344  ,486.8399963378906  ,479.6199951171875  ,481.4700012207031  ,480.7059631347656  ,33918700
2024-06-21 ,481.19000244140625 ,482.5400085449219  ,478.6700134277344  ,480.17999267578125 ,479.4179992675781  ,39432900
2024-06-24 ,478.17999267578125 ,479.92999267578125 ,473.82000732421875 ,473.9599914550781  ,473.9599914550781  ,37751000
2024-06-25 ,476.07000732421875 ,479.67999267578125 ,475.1199951171875  ,479.3800048828125  ,479.3800048828125  ,29250200
2024-06-26 ,478.54998779296875 ,480.9200134277344  ,478.1300048828125  ,480.3699951171875  ,480.3699951171875  ,22737100
2024-06-27 ,480.1199951171875  ,483.1000061035156  ,479.29998779296875 ,481.6099853515625  ,481.6099853515625  ,26222100
2024-06-28 ,482.4100036621094  ,487.20001220703125 ,478.4599914550781  ,479.1099853515625  ,479.1099853515625  ,34881600
2024-07-01 ,480.0400085449219  ,482.489990234375   ,476.260009765625   ,481.9200134277344  ,481.9200134277344  ,24898300
2024-07-02 ,480.4100036621094  ,487.0400085449219  ,480.2799987792969  ,486.9800109863281  ,486.9800109863281  ,26723600
2024-07-03 ,486.2200012207031  ,491.1700134277344  ,486.2200012207031  ,491.0400085449219  ,491.0400085449219  ,18064900
2024-07-05 ,491.8900146484375  ,496.6000061035156  ,491.5899963378906  ,496.1600036621094  ,496.1600036621094  ,28495900
2024-07-08 ,496.5299987792969  ,497.8999938964844  ,495.5              ,497.3399963378906  ,497.3399963378906  ,22109400
2024-07-09 ,498.8699951171875  ,500.0              ,496.239990234375   ,497.7699890136719  ,497.7699890136719  ,25614500
2024-07-10 ,499.7099914550781  ,503.5199890136719  ,498.3900146484375  ,502.9599914550781  ,502.9599914550781  ,28046900
2024-07-11 ,503.07000732421875 ,503.2799987792969  ,490.7300109863281  ,491.92999267578125 ,491.92999267578125 ,49966600
2024-07-12 ,492.510009765625   ,499.6199951171875  ,492.0400085449219  ,494.82000732421875 ,494.82000732421875 ,37109400
2024-07-15 ,496.6099853515625  ,501.010009765625   ,494.0899963378906  ,496.1499938964844  ,496.1499938964844  ,31151400
2024-07-16 ,497.6199951171875  ,498.44000244140625 ,493.1499938964844  ,496.3399963378906  ,496.3399963378906  ,25950600
2024-07-17 ,488.2799987792969  ,488.79998779296875 ,481.70001220703125 ,481.7699890136719  ,481.7699890136719  ,56268800
2024-07-18 ,485.5299987792969  ,485.7099914550781  ,476.2699890136719  ,479.489990234375   ,479.489990234375   ,49347400
2024-07-19 ,479.1499938964844  ,481.69000244140625 ,473.94000244140625 ,475.239990234375   ,475.239990234375   ,41958200
